<?xml version="1.0" encoding="UTF-8"?>
<metadata xml:lang="fr"><Esri><CreaDate>20220415</CreaDate><CreaTime>14295400</CreaTime><ArcGISFormat>1.0</ArcGISFormat><SyncOnce>FALSE</SyncOnce><DataProperties><itemProps><itemName Sync="TRUE">arrdt_restau_indien_2</itemName><imsContentType Sync="TRUE">002</imsContentType><itemSize Sync="TRUE">0.000</itemSize><itemLocation><linkage Sync="TRUE">file://\\DESKTOP-6NETQQ9\C$\Users\Sabrine\Documents\Mastère__DESIGEO\DeSIGeo_COURS\UE 5 Analyse Spatiale\Analyse spatiale\projet_analyse_spatiale\data\arrdt_restau_indien_2.shp</linkage><protocol Sync="TRUE">Local Area Network</protocol></itemLocation></itemProps><coordRef><type Sync="TRUE">Geographic</type><geogcsn Sync="TRUE">GCS_WGS_1984</geogcsn><csUnits Sync="TRUE">Angular Unit: Degree (0.017453)</csUnits><peXml Sync="TRUE">&lt;GeographicCoordinateSystem xsi:type='typens:GeographicCoordinateSystem' xmlns:xsi='http://www.w3.org/2001/XMLSchema-instance' xmlns:xs='http://www.w3.org/2001/XMLSchema' xmlns:typens='http://www.esri.com/schemas/ArcGIS/2.3.0'&gt;&lt;WKT&gt;GEOGCS[&amp;quot;GCS_WGS_1984&amp;quot;,DATUM[&amp;quot;D_WGS_1984&amp;quot;,SPHEROID[&amp;quot;WGS_1984&amp;quot;,6378137.0,298.257223563]],PRIMEM[&amp;quot;Greenwich&amp;quot;,0.0],UNIT[&amp;quot;Degree&amp;quot;,0.0174532925199433],AUTHORITY[&amp;quot;EPSG&amp;quot;,4326]]&lt;/WKT&gt;&lt;XOrigin&gt;-399.99999999999989&lt;/XOrigin&gt;&lt;YOrigin&gt;-399.99999999999989&lt;/YOrigin&gt;&lt;XYScale&gt;11258999068426.24&lt;/XYScale&gt;&lt;ZOrigin&gt;-100000&lt;/ZOrigin&gt;&lt;ZScale&gt;10000&lt;/ZScale&gt;&lt;MOrigin&gt;-100000&lt;/MOrigin&gt;&lt;MScale&gt;10000&lt;/MScale&gt;&lt;XYTolerance&gt;8.9831528411952133e-09&lt;/XYTolerance&gt;&lt;ZTolerance&gt;0.001&lt;/ZTolerance&gt;&lt;MTolerance&gt;0.001&lt;/MTolerance&gt;&lt;HighPrecision&gt;true&lt;/HighPrecision&gt;&lt;LeftLongitude&gt;-180&lt;/LeftLongitude&gt;&lt;WKID&gt;4326&lt;/WKID&gt;&lt;LatestWKID&gt;4326&lt;/LatestWKID&gt;&lt;/GeographicCoordinateSystem&gt;</peXml></coordRef><lineage><Process ToolSource="c:\program files\arcgis\pro\Resources\ArcToolbox\toolboxes\Analysis Tools.tbx\SpatialJoin" Date="20220415" Time="142955">SpatialJoin arrdt_pop_2 indian_restau "C:\Users\Sabrine\Documents\Mastère__DESIGEO\DeSIGeo_COURS\UE 5 Analyse Spatiale\Analyse spatiale\projet_analyse_spatiale\data\arrdt_restau_indien_2.shp" "Joindre un vers un" KEEP_ALL "N_SQ_AR "N_SQ_AR" true true false 24 Double 15 23,First,#,arrdt_pop_2,N_SQ_AR,-1,-1;C_AR "C_AR" true true false 24 Double 15 23,First,#,arrdt_pop_2,C_AR,-1,-1;CODE_POSTA "CODE_POSTA" true true false 24 Double 15 23,First,#,arrdt_pop_2,CODE_POSTA,-1,-1;C_ARINSEE "C_ARINSEE" true true false 24 Double 15 23,First,#,arrdt_pop_2,C_ARINSEE,-1,-1;L_AR "L_AR" true true false 80 Text 0 0,First,#,arrdt_pop_2,L_AR,0,80;L_AROFF "L_AROFF" true true false 80 Text 0 0,First,#,arrdt_pop_2,L_AROFF,0,80;N_SQ_CO "N_SQ_CO" true true false 24 Double 15 23,First,#,arrdt_pop_2,N_SQ_CO,-1,-1;SURFACE "SURFACE" true true false 24 Double 15 23,First,#,arrdt_pop_2,SURFACE,-1,-1;PERIMETRE "PERIMETRE" true true false 24 Double 15 23,First,#,arrdt_pop_2,PERIMETRE,-1,-1;POPTOT "POPTOT" true true false 24 Double 15 23,First,#,arrdt_pop_2,POPTOT,-1,-1;cuisine "cuisine" true true false 80 Text 0 0,First,#,indian_restau,cuisine,0,80;count "count" true true false 255 Text 0 0,First,#" Intersecter # #</Process></lineage></DataProperties><SyncDate>20220415</SyncDate><SyncTime>14295500</SyncTime><ModDate>20220415</ModDate><ModTime>14295500</ModTime></Esri><dataIdInfo><envirDesc Sync="TRUE">Microsoft Windows 10 Version 10.0 (Build 22000) ; Esri ArcGIS 12.3.0.15769</envirDesc><dataLang><languageCode value="fra" Sync="TRUE"></languageCode><countryCode value="FRA" Sync="TRUE"></countryCode></dataLang><idCitation><resTitle Sync="TRUE">arrdt_restau_indien_2</resTitle><presForm><PresFormCd value="005" Sync="TRUE"></PresFormCd></presForm></idCitation><spatRpType><SpatRepTypCd value="001" Sync="TRUE"></SpatRepTypCd></spatRpType></dataIdInfo><mdLang><languageCode value="fra" Sync="TRUE"></languageCode><countryCode value="FRA" Sync="TRUE"></countryCode></mdLang><mdChar><CharSetCd value="004" Sync="TRUE"></CharSetCd></mdChar><distInfo><distFormat><formatName Sync="TRUE">Fichier de formes</formatName></distFormat><distTranOps><transSize Sync="TRUE">0.000</transSize></distTranOps></distInfo><mdHrLv><ScopeCd value="005" Sync="TRUE"></ScopeCd></mdHrLv><mdHrLvName Sync="TRUE">dataset</mdHrLvName><refSysInfo><RefSystem><refSysID><identCode code="4326" Sync="TRUE"></identCode><idCodeSpace Sync="TRUE">EPSG</idCodeSpace><idVersion Sync="TRUE">6.14(3.0.1)</idVersion></refSysID></RefSystem></refSysInfo><spatRepInfo><VectSpatRep><geometObjs Name="arrdt_restau_indien_2"><geoObjTyp><GeoObjTypCd value="002" Sync="TRUE"></GeoObjTypCd></geoObjTyp><geoObjCnt Sync="TRUE">0</geoObjCnt></geometObjs><topLvl><TopoLevCd value="001" Sync="TRUE"></TopoLevCd></topLvl></VectSpatRep></spatRepInfo><spdoinfo><ptvctinf><esriterm Name="arrdt_restau_indien_2"><efeatyp Sync="TRUE">Simple</efeatyp><efeageom code="4" Sync="TRUE"></efeageom><esritopo Sync="TRUE">FALSE</esritopo><efeacnt Sync="TRUE">0</efeacnt><spindex Sync="TRUE">FALSE</spindex><linrefer Sync="TRUE">FALSE</linrefer></esriterm></ptvctinf></spdoinfo><eainfo><detailed Name="arrdt_restau_indien_2"><enttyp><enttypl Sync="TRUE">arrdt_restau_indien_2</enttypl><enttypt Sync="TRUE">Feature Class</enttypt><enttypc Sync="TRUE">0</enttypc></enttyp><attr><attrlabl Sync="TRUE">FID</attrlabl><attalias Sync="TRUE">FID</attalias><attrtype Sync="TRUE">OID</attrtype><attwidth Sync="TRUE">4</attwidth><atprecis Sync="TRUE">0</atprecis><attscale Sync="TRUE">0</attscale><attrdef Sync="TRUE">Internal feature number.</attrdef><attrdefs Sync="TRUE">Esri</attrdefs><attrdomv><udom Sync="TRUE">Sequential unique whole numbers that are automatically generated.</udom></attrdomv></attr><attr><attrlabl Sync="TRUE">Shape</attrlabl><attalias Sync="TRUE">Shape</attalias><attrtype Sync="TRUE">Geometry</attrtype><attwidth Sync="TRUE">0</attwidth><atprecis Sync="TRUE">0</atprecis><attscale Sync="TRUE">0</attscale><attrdef Sync="TRUE">Feature geometry.</attrdef><attrdefs Sync="TRUE">Esri</attrdefs><attrdomv><udom Sync="TRUE">Coordinates defining the features.</udom></attrdomv></attr><attr><attrlabl Sync="TRUE">Join_Count</attrlabl><attalias Sync="TRUE">Join_Count</attalias><attrtype Sync="TRUE">Integer</attrtype><attwidth Sync="TRUE">10</attwidth><atprecis Sync="TRUE">10</atprecis><attscale Sync="TRUE">0</attscale></attr><attr><attrlabl Sync="TRUE">TARGET_FID</attrlabl><attalias Sync="TRUE">TARGET_FID</attalias><attrtype Sync="TRUE">Integer</attrtype><attwidth Sync="TRUE">10</attwidth><atprecis Sync="TRUE">10</atprecis><attscale Sync="TRUE">0</attscale></attr><attr><attrlabl Sync="TRUE">N_SQ_AR</attrlabl><attalias Sync="TRUE">N_SQ_AR</attalias><attrtype Sync="TRUE">Double</attrtype><attwidth Sync="TRUE">19</attwidth><atprecis Sync="TRUE">18</atprecis><attscale Sync="TRUE">15</attscale></attr><attr><attrlabl Sync="TRUE">C_AR</attrlabl><attalias Sync="TRUE">C_AR</attalias><attrtype Sync="TRUE">Double</attrtype><attwidth Sync="TRUE">19</attwidth><atprecis Sync="TRUE">18</atprecis><attscale Sync="TRUE">15</attscale></attr><attr><attrlabl Sync="TRUE">CODE_POSTA</attrlabl><attalias Sync="TRUE">CODE_POSTA</attalias><attrtype Sync="TRUE">Double</attrtype><attwidth Sync="TRUE">19</attwidth><atprecis Sync="TRUE">18</atprecis><attscale Sync="TRUE">15</attscale></attr><attr><attrlabl Sync="TRUE">C_ARINSEE</attrlabl><attalias Sync="TRUE">C_ARINSEE</attalias><attrtype Sync="TRUE">Double</attrtype><attwidth Sync="TRUE">19</attwidth><atprecis Sync="TRUE">18</atprecis><attscale Sync="TRUE">15</attscale></attr><attr><attrlabl Sync="TRUE">L_AR</attrlabl><attalias Sync="TRUE">L_AR</attalias><attrtype Sync="TRUE">String</attrtype><attwidth Sync="TRUE">80</attwidth><atprecis Sync="TRUE">0</atprecis><attscale Sync="TRUE">0</attscale></attr><attr><attrlabl Sync="TRUE">L_AROFF</attrlabl><attalias Sync="TRUE">L_AROFF</attalias><attrtype Sync="TRUE">String</attrtype><attwidth Sync="TRUE">80</attwidth><atprecis Sync="TRUE">0</atprecis><attscale Sync="TRUE">0</attscale></attr><attr><attrlabl Sync="TRUE">N_SQ_CO</attrlabl><attalias Sync="TRUE">N_SQ_CO</attalias><attrtype Sync="TRUE">Double</attrtype><attwidth Sync="TRUE">19</attwidth><atprecis Sync="TRUE">18</atprecis><attscale Sync="TRUE">15</attscale></attr><attr><attrlabl Sync="TRUE">SURFACE</attrlabl><attalias Sync="TRUE">SURFACE</attalias><attrtype Sync="TRUE">Double</attrtype><attwidth Sync="TRUE">19</attwidth><atprecis Sync="TRUE">18</atprecis><attscale Sync="TRUE">15</attscale></attr><attr><attrlabl Sync="TRUE">PERIMETRE</attrlabl><attalias Sync="TRUE">PERIMETRE</attalias><attrtype Sync="TRUE">Double</attrtype><attwidth Sync="TRUE">19</attwidth><atprecis Sync="TRUE">18</atprecis><attscale Sync="TRUE">15</attscale></attr><attr><attrlabl Sync="TRUE">POPTOT</attrlabl><attalias Sync="TRUE">POPTOT</attalias><attrtype Sync="TRUE">Double</attrtype><attwidth Sync="TRUE">19</attwidth><atprecis Sync="TRUE">18</atprecis><attscale Sync="TRUE">15</attscale></attr><attr><attrlabl Sync="TRUE">cuisine</attrlabl><attalias Sync="TRUE">cuisine</attalias><attrtype Sync="TRUE">String</attrtype><attwidth Sync="TRUE">80</attwidth><atprecis Sync="TRUE">0</atprecis><attscale Sync="TRUE">0</attscale></attr><attr><attrlabl Sync="TRUE">count</attrlabl><attalias Sync="TRUE">count</attalias><attrtype Sync="TRUE">String</attrtype><attwidth Sync="TRUE">254</attwidth><atprecis Sync="TRUE">0</atprecis><attscale Sync="TRUE">0</attscale></attr></detailed></eainfo><mdDateSt Sync="TRUE">20220415</mdDateSt></metadata>
